N,Depth,Algorithm,Threads,AvgMoveTime
5,5,1,1,0.293037
5,5,2,2,0.154507
5,5,2,4,0.083704
5,5,2,8,0.051541
5,5,3,2,0.292502
5,5,3,4,0.285448
5,5,3,8,0.285665
5,6,1,1,0.718603
5,6,2,2,0.378157
5,6,2,4,0.203831
5,6,2,8,0.128144
5,6,3,2,0.722633
5,6,3,4,0.719697
5,6,3,8,0.717718
6,5,1,1,2.329292
6,5,2,2,1.232433
6,5,2,4,0.698503
6,5,2,8,0.410820
6,5,3,2,2.373859
6,5,3,4,2.384246
6,5,3,8,2.389405
6,6,1,1,8.216901
6,6,2,2,4.294111
6,6,2,4,2.348976
6,6,2,8,1.369964
6,6,3,2,8.449518
